<?xml version="1.0" encoding="UTF-8"?>
<project-private xmlns="http://www.netbeans.org/ns/project-private/1">
    <editor-bookmarks xmlns="http://www.netbeans.org/ns/editor-bookmarks/2" lastBookmarkId="0"/>
    <open-files xmlns="http://www.netbeans.org/ns/projectui-open-files/2">
        <group>
            <file>file:/C:/Users/Acer/Documents/NetBeansProjects/Puzlock/15x15x15</file>
            <file>file:/C:/Users/Acer/Documents/NetBeansProjects/Puzlock/4x4x4</file>
            <file>file:/C:/Users/Acer/Documents/NetBeansProjects/Puzlock/src/Puzlock.java</file>
            <file>file:/C:/Users/Acer/Documents/NetBeansProjects/Puzlock/src/Puzlock2.java</file>
            <file>file:/C:/Users/Acer/Documents/NetBeansProjects/Puzlock/5x5x5</file>
        </group>
    </open-files>
</project-private>
